chromosome,interval,mean_recomb_rate
b'Pseudochr1',0-2050000,0.0000000000000003952083074227726
b'Pseudochr1',2050000-4100000,0.0000000000000008685926039088442
b'Pseudochr1',4100000-6150000,0.000000000000001421611138109876
b'Pseudochr1',6150000-8200000,0.000000000000001898441876248145
b'Pseudochr1',8200000-10250000,0.000000000000002211854674789456
b'Pseudochr1',10250000-12300000,0.000000000000002622464108255216
b'Pseudochr1',12300000-14350000,0.000000000000003083090926008562
b'Pseudochr1',14350000-16400000,0.0000000000000035464884450418365
b'Pseudochr1',16400000-18450000,0.0000000000000042297975203348816
b'Pseudochr1',18450000-20500000,0.000000000000005007720539720238
b'Pseudochr1',20500000-22550000,0.000000000000005596066149194527
b'Pseudochr1',22550000-24600000,0.000000000000005870917695581158
b'Pseudochr1',24600000-26650000,0.000000000000006256182113785168
b'Pseudochr1',26650000-28700000,0.000000000000006563377034469263
b'Pseudochr1',28700000-30750000,0.0000000000000069359989612259775
b'Pseudochr1',30750000-32800000,0.000000000000007333636092587906
b'Pseudochr1',32800000-34850000,0.000000000000007691801040738636
b'Pseudochr1',34850000-36900000,0.000000000000007947188662584835
b'Pseudochr1',36900000-38950000,0.000000000000008212059328398065
b'Pseudochr1',38950000-41000000,0.000000000000008438567207570708
b'Pseudochr1',41000000-43050000,0.00000000000000866459223148826
b'Pseudochr1',43050000-45100000,0.000000000000008869211558079082
b'Pseudochr1',45100000-47150000,0.000000000000009143802641588207
b'Pseudochr1',47150000-49200000,0.000000000000009388047828108122
b'Pseudochr1',49200000-51250000,0.000000000000009575149995952105
b'Pseudochr1',51250000-53300000,0.000000000000009817548006515326
b'Pseudochr1',53300000-55350000,0.000000000000010000604211561784
b'Pseudochr1',55350000-57400000,0.000000000000010179954896545801
b'Pseudochr1',57400000-59450000,0.000000000000010340304608693987
b'Pseudochr1',59450000-61500000,0.000000000000010528192748869331
b'Pseudochr1',61500000-63550000,0.000000000000010754229638295106
b'Pseudochr1',63550000-65600000,0.000000000000011010725044862634
b'Pseudochr1',65600000-67650000,0.000000000000011271487733937752
b'Pseudochr1',67650000-69700000,0.000000000000011543870114218913
b'Pseudochr1',69700000-71750000,0.000000000000011740202278648322
b'Pseudochr1',71750000-73800000,0.000000000000012068877817583586
b'Pseudochr1',73800000-75850000,0.000000000000012362348757092624
b'Pseudochr1',75850000-77900000,0.000000000000012597470749253325
b'Pseudochr1',77900000-79950000,0.000000000000012818612748363019
b'Pseudochr1',79950000-82000000,0.000000000000013062659472097128
b'Pseudochr1',82000000-84050000,0.000000000000013328281452490642
b'Pseudochr1',84050000-86100000,0.000000000000013545715367193793
b'Pseudochr1',86100000-88150000,0.000000000000013788823606366951
b'Pseudochr1',88150000-90200000,0.000000000000014043163707205808
b'Pseudochr1',90200000-92250000,0.000000000000014331267517187502
b'Pseudochr1',92250000-94300000,0.000000000000014554350493378015
b'Pseudochr1',94300000-96350000,0.000000000000014789717060392733
b'Pseudochr1',96350000-98400000,0.000000000000014997906977974032
b'Pseudochr1',98400000-100450000,0.0000000000000152055109788886
b'Pseudochr1',100450000-102500000,0.00000000000001541675661865286
b'Pseudochr1',102500000-104550000,0.000000000000015663050319317177
b'Pseudochr1',104550000-106600000,0.000000000000015883966571775383
b'Pseudochr1',106600000-108650000,0.00000000000001610267266186118
b'Pseudochr1',108650000-110700000,0.00000000000001631364568084925
b'Pseudochr1',110700000-112750000,0.000000000000016574303388541364
b'Pseudochr1',112750000-114800000,0.00000000000001698337038947904
b'Pseudochr1',114800000-116850000,0.000000000000017648473827600198
b'Pseudochr1',116850000-118900000,0.000000000000018534409683887982
b'Pseudochr1',118900000-120950000,0.000000000000019356875135344417
b'Pseudochr10',0-2065000,0.000000000000000648017739406047
b'Pseudochr10',2065000-4130000,0.0000000000000016945899432275877
b'Pseudochr10',4130000-6195000,0.0000000000000023455873036868866
b'Pseudochr10',6195000-8260000,0.000000000000002591826638124902
b'Pseudochr10',8260000-10325000,0.000000000000002825957373553821
b'Pseudochr10',10325000-12390000,0.0000000000000030383164311281167
b'Pseudochr10',12390000-14455000,0.0000000000000033046412836416886
b'Pseudochr10',14455000-16520000,0.0000000000000036623365455647945
b'Pseudochr10',16520000-18585000,0.000000000000004472365209596142
b'Pseudochr10',18585000-20650000,0.0000000000000054817034948639894
b'Pseudochr11',0-2028000,0.00000000000000015819348066723236
b'Pseudochr11',2028000-4056000,0.000000000000000346069606954921
b'Pseudochr11',4056000-6084000,0.0000000000000006821007462030259
b'Pseudochr11',6084000-8112000,0.000000000000000978593805292963
b'Pseudochr11',8112000-10140000,0.000000000000001855176853847129
b'Pseudochr11',10140000-12168000,0.000000000000002691847648427678
b'Pseudochr11',12168000-14196000,0.0000000000000029931471604109924
b'Pseudochr11',14196000-16224000,0.0000000000000032341654974908037
b'Pseudochr11',16224000-18252000,0.000000000000003904119543446179
b'Pseudochr11',18252000-20280000,0.000000000000004636628063719824
b'Pseudochr12',0-2046000,0.0000000000000009437954140260101
b'Pseudochr12',2046000-4092000,0.0000000000000019286579568949145
b'Pseudochr12',4092000-6138000,0.000000000000002837557147153807
b'Pseudochr12',6138000-8184000,0.0000000000000034401414416141885
b'Pseudochr12',8184000-10230000,0.0000000000000038512976734612255
b'Pseudochr12',10230000-12276000,0.000000000000004335336367840808
b'Pseudochr12',12276000-14322000,0.00000000000000469431250727012
b'Pseudochr12',14322000-16368000,0.000000000000005317736716650609
b'Pseudochr12',16368000-18414000,0.000000000000006063649010977257
b'Pseudochr12',18414000-20460000,0.0000000000000067421714920629125
b'Pseudochr13',0-2050000,0.0000000000000005692263318233848
b'Pseudochr13',2050000-4100000,0.0000000000000013286703013125576
b'Pseudochr13',4100000-6150000,0.0000000000000017392514535843595
b'Pseudochr13',6150000-8200000,0.0000000000000024974925960602513
b'Pseudochr13',8200000-10250000,0.000000000000003460654634121729
b'Pseudochr13',10250000-12300000,0.0000000000000042373552827275425
b'Pseudochr13',12300000-14350000,0.000000000000004723548852467333
b'Pseudochr13',14350000-16400000,0.00000000000000516766744094033
b'Pseudochr13',16400000-18450000,0.000000000000005652564300087503
b'Pseudochr14',0-2048000,0.00000000000000025797442747507133
b'Pseudochr14',2048000-4096000,0.0000000000000005838870264060616
b'Pseudochr14',4096000-6144000,0.0000000000000011797449244793325
b'Pseudochr14',6144000-8192000,0.0000000000000020392248090816653
b'Pseudochr14',8192000-10240000,0.000000000000002883359828602945
b'Pseudochr14',10240000-12288000,0.0000000000000031957680534940304
b'Pseudochr14',12288000-14336000,0.00000000000000389878142706449
b'Pseudochr14',14336000-16384000,0.000000000000004658599597349914
b'Pseudochr15',0-2046000,0.0000000000000006135322276578169
b'Pseudochr15',2046000-4092000,0.0000000000000010214992725124897
b'Pseudochr15',4092000-6138000,0.0000000000000018217868528688534
b'Pseudochr15',6138000-8184000,0.0000000000000020678432179588566
b'Pseudochr15',8184000-10230000,0.0000000000000024772554124291575
b'Pseudochr15',10230000-12276000,0.000000000000003390124173596534
b'Pseudochr15',12276000-14322000,0.000000000000004133599857649536
b'Pseudochr17',0-2046000,0.0000000000000007050899946500191
b'Pseudochr17',2046000-4092000,0.0000000000000016014324004495831
b'Pseudochr17',4092000-6138000,0.0000000000000023643189299653958
b'Pseudochr17',6138000-8184000,0.000000000000003236823698148521
b'Pseudochr17',8184000-10230000,0.00000000000000422857613035453
b'Pseudochr18',0-2024000,0.0000000000000008116486944799169
b'Pseudochr18',2024000-4048000,0.0000000000000014162896039769082
b'Pseudochr18',4048000-6072000,0.0000000000000020787784355641623
b'Pseudochr18',6072000-8096000,0.000000000000002603171281332037
b'Pseudochr18',8096000-10120000,0.0000000000000033496395688491863
b'Pseudochr18',10120000-12144000,0.000000000000003970432165939653
b'Pseudochr19',0-2072000,0.0000000000000007624298176291875
b'Pseudochr19',2072000-4144000,0.0000000000000018037173933062274
b'Pseudochr19',4144000-6216000,0.0000000000000027089979776961006
b'Pseudochr19',6216000-8288000,0.0000000000000034462322011278155
b'Pseudochr1A',0-2040000,0.0000000000000009344661225104578
b'Pseudochr1A',2040000-4080000,0.000000000000001648985892296751
b'Pseudochr1A',4080000-6120000,0.000000000000002069813437706243
b'Pseudochr1A',6120000-8160000,0.0000000000000022878470578686943
b'Pseudochr1A',8160000-10200000,0.0000000000000024451238788424948
b'Pseudochr1A',10200000-12240000,0.000000000000002629279170288176
b'Pseudochr1A',12240000-14280000,0.0000000000000028104220600717454
b'Pseudochr1A',14280000-16320000,0.0000000000000030046737483313344
b'Pseudochr1A',16320000-18360000,0.0000000000000031669897496339246
b'Pseudochr1A',18360000-20400000,0.0000000000000033146508101164215
b'Pseudochr1A',20400000-22440000,0.0000000000000034965763882775013
b'Pseudochr1A',22440000-24480000,0.000000000000003669493551116522
b'Pseudochr1A',24480000-26520000,0.000000000000003833580229055881
b'Pseudochr1A',26520000-28560000,0.000000000000003989933957763325
b'Pseudochr1A',28560000-30600000,0.000000000000004149852809822228
b'Pseudochr1A',30600000-32640000,0.0000000000000043109728243327785
b'Pseudochr1A',32640000-34680000,0.000000000000004495063783126844
b'Pseudochr1A',34680000-36720000,0.000000000000004644619277245966
b'Pseudochr1A',36720000-38760000,0.000000000000004799662346732422
b'Pseudochr1A',38760000-40800000,0.0000000000000049566875238453744
b'Pseudochr1A',40800000-42840000,0.000000000000005093048823721576
b'Pseudochr1A',42840000-44880000,0.000000000000005243629788612855
b'Pseudochr1A',44880000-46920000,0.00000000000000540681013061082
b'Pseudochr1A',46920000-48960000,0.000000000000005571755957886271
b'Pseudochr1A',48960000-51000000,0.000000000000005749836526427584
b'Pseudochr1A',51000000-53040000,0.00000000000000598014870129479
b'Pseudochr1A',53040000-55080000,0.0000000000000062206705110779036
b'Pseudochr1A',55080000-57120000,0.000000000000006607514701060541
b'Pseudochr1A',57120000-59160000,0.0000000000000068434825726912124
b'Pseudochr1A',59160000-61200000,0.000000000000007119174214518746
b'Pseudochr1A',61200000-63240000,0.000000000000007405499615814911
b'Pseudochr1A',63240000-65280000,0.000000000000007879650853314347
b'Pseudochr1A',65280000-67320000,0.000000000000008685539171948006
b'Pseudochr1A',67320000-69360000,0.000000000000009467665399181877
b'Pseudochr1A',69360000-71400000,0.000000000000010146827688113781
b'Pseudochr1A',71400000-73440000,0.000000000000010673554861757245
b'Pseudochr2',0-2052000,0.0000000000000008422533037215632
b'Pseudochr2',2052000-4104000,0.000000000000001786666889460945
b'Pseudochr2',4104000-6156000,0.0000000000000023739302325614415
b'Pseudochr2',6156000-8208000,0.0000000000000028344126456054134
b'Pseudochr2',8208000-10260000,0.000000000000003177455761357289
b'Pseudochr2',10260000-12312000,0.0000000000000033641466890359396
b'Pseudochr2',12312000-14364000,0.0000000000000035280163681216724
b'Pseudochr2',14364000-16416000,0.000000000000003708316967055411
b'Pseudochr2',16416000-18468000,0.00000000000000385764895068212
b'Pseudochr2',18468000-20520000,0.000000000000003997925399084837
b'Pseudochr2',20520000-22572000,0.0000000000000041331925041809415
b'Pseudochr2',22572000-24624000,0.000000000000004288181307205242
b'Pseudochr2',24624000-26676000,0.000000000000004423151487924013
b'Pseudochr2',26676000-28728000,0.000000000000004578363184677604
b'Pseudochr2',28728000-30780000,0.00000000000000471421354758254
b'Pseudochr2',30780000-32832000,0.000000000000004844560733620519
b'Pseudochr2',32832000-34884000,0.000000000000004972167070353756
b'Pseudochr2',34884000-36936000,0.0000000000000051205865244037715
b'Pseudochr2',36936000-38988000,0.000000000000005256777054375762
b'Pseudochr2',38988000-41040000,0.0000000000000054071763713349
b'Pseudochr2',41040000-43092000,0.000000000000005617347186321476
b'Pseudochr2',43092000-45144000,0.000000000000006150948387699468
b'Pseudochr2',45144000-47196000,0.000000000000006877972414328834
b'Pseudochr2',47196000-49248000,0.000000000000007706876243388784
b'Pseudochr2',49248000-51300000,0.000000000000008156099083273715
b'Pseudochr2',51300000-53352000,0.0000000000000090146833608687
b'Pseudochr2',53352000-55404000,0.000000000000009625498102815871
b'Pseudochr2',55404000-57456000,0.000000000000009987818027895403
b'Pseudochr2',57456000-59508000,0.000000000000010166538067945386
b'Pseudochr2',59508000-61560000,0.000000000000011009772423044333
b'Pseudochr2',61560000-63612000,0.000000000000011918965251704521
b'Pseudochr2',63612000-65664000,0.000000000000012837719949740035
b'Pseudochr2',65664000-67716000,0.000000000000013815130418342112
b'Pseudochr2',67716000-69768000,0.000000000000014269248047665395
b'Pseudochr2',69768000-71820000,0.000000000000014743105678296422
b'Pseudochr2',71820000-73872000,0.000000000000015021383869396197
b'Pseudochr2',73872000-75924000,0.000000000000015267371400635163
b'Pseudochr2',75924000-77976000,0.000000000000015492336529382302
b'Pseudochr2',77976000-80028000,0.00000000000001570231195473198
b'Pseudochr2',80028000-82080000,0.000000000000015907615524568557
b'Pseudochr2',82080000-84132000,0.000000000000016092548076775856
b'Pseudochr2',84132000-86184000,0.00000000000001626745287566976
b'Pseudochr2',86184000-88236000,0.000000000000016444159014537516
b'Pseudochr2',88236000-90288000,0.000000000000016624673838018903
b'Pseudochr2',90288000-92340000,0.000000000000016807081246334094
b'Pseudochr2',92340000-94392000,0.00000000000001706024877574482
b'Pseudochr2',94392000-96444000,0.000000000000017209239229187066
b'Pseudochr2',96444000-98496000,0.000000000000017369312502457826
b'Pseudochr2',98496000-100548000,0.000000000000017559428122797034
b'Pseudochr2',100548000-102600000,0.00000000000001770029286722716
b'Pseudochr2',102600000-104652000,0.000000000000017881313359758286
b'Pseudochr2',104652000-106704000,0.000000000000018050531743714154
b'Pseudochr2',106704000-108756000,0.000000000000018230179356108607
b'Pseudochr2',108756000-110808000,0.000000000000018368021108789483
b'Pseudochr2',110808000-112860000,0.00000000000001855986467842285
b'Pseudochr2',112860000-114912000,0.000000000000018744918645445843
b'Pseudochr2',114912000-116964000,0.000000000000018922195514986617
b'Pseudochr2',116964000-119016000,0.000000000000019124944952857888
b'Pseudochr2',119016000-121068000,0.000000000000019280576217992672
b'Pseudochr2',121068000-123120000,0.00000000000001945029475903512
b'Pseudochr2',123120000-125172000,0.00000000000001964063755278001
b'Pseudochr2',125172000-127224000,0.000000000000019803733838870608
b'Pseudochr2',127224000-129276000,0.000000000000020001504779991964
b'Pseudochr2',129276000-131328000,0.000000000000020188067244664744
b'Pseudochr2',131328000-133380000,0.000000000000020358547647703988
b'Pseudochr2',133380000-135432000,0.000000000000020525962456134878
b'Pseudochr2',135432000-137484000,0.000000000000020683334315068476
b'Pseudochr2',137484000-139536000,0.000000000000020853861562633467
b'Pseudochr2',139536000-141588000,0.000000000000021002393761284663
b'Pseudochr2',141588000-143640000,0.00000000000002113873771591986
b'Pseudochr2',143640000-145692000,0.000000000000021301318047469968
b'Pseudochr2',145692000-147744000,0.0000000000000215558504397854
b'Pseudochr2',147744000-149796000,0.00000000000002177672973596801
b'Pseudochr20',0-2046000,0.0000000000000006154776944647705
b'Pseudochr20',2046000-4092000,0.000000000000001564482780016618
b'Pseudochr20',4092000-6138000,0.0000000000000024711742145445842
b'Pseudochr20',6138000-8184000,0.0000000000000031987399025116748
b'Pseudochr20',8184000-10230000,0.000000000000004014059886543881
b'Pseudochr20',10230000-12276000,0.0000000000000049549676930003825
b'Pseudochr20',12276000-14322000,0.000000000000005881824363018535
b'Pseudochr21',0-2052000,0.0000000000000009646055147056937
b'Pseudochr21',2052000-4104000,0.000000000000001787303183469707
b'Pseudochr21',4104000-6156000,0.0000000000000025513877136991923
b'Pseudochr22',0-2065000,0.000000000000000999388538024737
b'Pseudochr22',2065000-4130000,0.0000000000000017284439618522647
b'Pseudochr23',0-2065000,0.0000000000000008414014998818412
b'Pseudochr23',2065000-4130000,0.000000000000001770706718911516
b'Pseudochr23',4130000-6195000,0.0000000000000027550194607054736
b'Pseudochr24',0-2065000,0.0000000000000008183499769838078
b'Pseudochr24',2065000-4130000,0.0000000000000016851574291031587
b'Pseudochr24',4130000-6195000,0.0000000000000026487802469012723
b'Pseudochr25',0-2072000,0.0000000000000006477282352031463
b'Pseudochr26',0-2030000,0.0000000000000008959354557651826
b'Pseudochr26',2030000-4060000,0.0000000000000017325964359506187
b'Pseudochr26',4060000-6090000,0.0000000000000025604675261791254
b'Pseudochr27',0-2040000,0.0000000000000008661389835160349
b'Pseudochr27',2040000-4080000,0.0000000000000016365800170999898
b'Pseudochr28',0-2046000,0.0000000000000008352595425320432
b'Pseudochr28',2046000-4092000,0.0000000000000016918599258825934
b'Pseudochr3',0-2044000,0.0000000000000008332150030622613
b'Pseudochr3',2044000-4088000,0.0000000000000014336232288278454
b'Pseudochr3',4088000-6132000,0.0000000000000017269332787660932
b'Pseudochr3',6132000-8176000,0.0000000000000020565637903833266
b'Pseudochr3',8176000-10220000,0.0000000000000022175796297788903
b'Pseudochr3',10220000-12264000,0.0000000000000023767372452890636
b'Pseudochr3',12264000-14308000,0.0000000000000025664299816292303
b'Pseudochr3',14308000-16352000,0.000000000000002729338400387662
b'Pseudochr3',16352000-18396000,0.000000000000002897307760437146
b'Pseudochr3',18396000-20440000,0.0000000000000031054703637718815
b'Pseudochr3',20440000-22484000,0.000000000000003303662546173673
b'Pseudochr3',22484000-24528000,0.0000000000000034979494077434244
b'Pseudochr3',24528000-26572000,0.0000000000000037254293081536675
b'Pseudochr3',26572000-28616000,0.0000000000000039558695612651485
b'Pseudochr3',28616000-30660000,0.00000000000000417648567405664
b'Pseudochr3',30660000-32704000,0.000000000000004404775761315809
b'Pseudochr3',32704000-34748000,0.000000000000004699019656720525
b'Pseudochr3',34748000-36792000,0.000000000000005059254169969532
b'Pseudochr3',36792000-38836000,0.00000000000000528537931414668
b'Pseudochr3',38836000-40880000,0.000000000000005520389547229546
b'Pseudochr3',40880000-42924000,0.000000000000005675333967058229
b'Pseudochr3',42924000-44968000,0.0000000000000059200252139774
b'Pseudochr3',44968000-47012000,0.0000000000000062657996947160245
b'Pseudochr3',47012000-49056000,0.00000000000000658511061840387
b'Pseudochr3',49056000-51100000,0.000000000000006840217933796544
b'Pseudochr3',51100000-53144000,0.000000000000007094467772857414
b'Pseudochr3',53144000-55188000,0.00000000000000731266050198643
b'Pseudochr3',55188000-57232000,0.000000000000007531037737570108
b'Pseudochr3',57232000-59276000,0.0000000000000077479452299184
b'Pseudochr3',59276000-61320000,0.000000000000007968502579130116
b'Pseudochr3',61320000-63364000,0.000000000000008181301269037293
b'Pseudochr3',63364000-65408000,0.000000000000008417921206168177
b'Pseudochr3',65408000-67452000,0.00000000000000862053428786623
b'Pseudochr3',67452000-69496000,0.000000000000008878146634408737
b'Pseudochr3',69496000-71540000,0.000000000000009064632003479379
b'Pseudochr3',71540000-73584000,0.000000000000009355677238141893
b'Pseudochr3',73584000-75628000,0.0000000000000096959090458508
b'Pseudochr3',75628000-77672000,0.000000000000009925842952247617
b'Pseudochr3',77672000-79716000,0.000000000000010129342596345342
b'Pseudochr3',79716000-81760000,0.000000000000010394611742072115
b'Pseudochr3',81760000-83804000,0.00000000000001068623431410103
b'Pseudochr3',83804000-85848000,0.00000000000001098481344112247
b'Pseudochr3',85848000-87892000,0.00000000000001143667454683692
b'Pseudochr3',87892000-89936000,0.000000000000012391780378596348
b'Pseudochr3',89936000-91980000,0.000000000000013315319898473846
b'Pseudochr3',91980000-94024000,0.000000000000013923449603361568
b'Pseudochr3',94024000-96068000,0.000000000000014201069715363483
b'Pseudochr3',96068000-98112000,0.00000000000001446028054075789
b'Pseudochr3',98112000-100156000,0.000000000000014817059948155982
b'Pseudochr3',100156000-102200000,0.000000000000015048169697501846
b'Pseudochr3',102200000-104244000,0.000000000000015321417120379548
b'Pseudochr3',104244000-106288000,0.0000000000000155896967558459
b'Pseudochr3',106288000-108332000,0.000000000000015835711683820886
b'Pseudochr3',108332000-110376000,0.00000000000001613475234787007
b'Pseudochr3',110376000-112420000,0.000000000000016435824769279558
b'Pseudochr3',112420000-114464000,0.000000000000017114945481035167
b'Pseudochr3',114464000-116508000,0.00000000000001779675387928529
b'Pseudochr4',0-2046000,0.0000000000000009301583296029279
b'Pseudochr4',2046000-4092000,0.0000000000000014945991859363389
b'Pseudochr4',4092000-6138000,0.0000000000000019939630264103543
b'Pseudochr4',6138000-8184000,0.000000000000002291398272410378
b'Pseudochr4',8184000-10230000,0.0000000000000025184984471237304
b'Pseudochr4',10230000-12276000,0.000000000000002678700886926908
b'Pseudochr4',12276000-14322000,0.0000000000000028446826042790113
b'Pseudochr4',14322000-16368000,0.0000000000000030072033784934388
b'Pseudochr4',16368000-18538000,0.000000000000002991941742351186
b'Pseudochr4',18538000-20584000,0.000000000000003343772489116805
b'Pseudochr4',20584000-22630000,0.000000000000003513435085088471
b'Pseudochr4',22630000-24676000,0.000000000000003698367541937555
b'Pseudochr4',24676000-26722000,0.000000000000003891539878864823
b'Pseudochr4',26722000-28768000,0.000000000000004123082902139202
b'Pseudochr4',28768000-30814000,0.0000000000000043036446332288146
b'Pseudochr4',30814000-32860000,0.0000000000000044931346403869935
b'Pseudochr4',32860000-34906000,0.000000000000004681472175200428
b'Pseudochr4',34906000-36952000,0.000000000000004857197348885122
b'Pseudochr4',36952000-38998000,0.000000000000005030665678711865
b'Pseudochr4',38998000-41044000,0.0000000000000052037258220568095
b'Pseudochr4',41044000-43090000,0.000000000000005391660595280396
b'Pseudochr4',43090000-45136000,0.000000000000005597296509357606
b'Pseudochr4',45136000-47182000,0.000000000000005813916366652271
b'Pseudochr4',47182000-49228000,0.000000000000006072455763763275
b'Pseudochr4',49228000-51274000,0.00000000000000631118224266853
b'Pseudochr4',51274000-53320000,0.000000000000006539701813920247
b'Pseudochr4',53320000-55366000,0.000000000000006750756179553358
b'Pseudochr4',55366000-57412000,0.000000000000006995910821108904
b'Pseudochr4',57412000-59458000,0.000000000000007463601582967856
b'Pseudochr4',59458000-61504000,0.000000000000008053924445788144
b'Pseudochr4',61504000-63550000,0.000000000000008651766300017977
b'Pseudochr4',63550000-65596000,0.00000000000000933885936487003
b'Pseudochr4',65596000-67642000,0.000000000000010334102244551006
b'Pseudochr4',67642000-69688000,0.000000000000011246563771326742
b'Pseudochr4',69688000-71734000,0.000000000000011822206162489161
b'Pseudochr4A',0-2040000,0.0000000000000005767063508515802
b'Pseudochr4A',2040000-4080000,0.0000000000000014381641644487832
b'Pseudochr4A',4080000-6120000,0.000000000000002433495800877159
b'Pseudochr4A',6120000-8160000,0.0000000000000031200012752284722
b'Pseudochr4A',8160000-10200000,0.000000000000003640540204694219
b'Pseudochr4A',10200000-12240000,0.000000000000004006157132689102
b'Pseudochr4A',12240000-14280000,0.000000000000004321544628343646
b'Pseudochr4A',14280000-16320000,0.000000000000004724122622974861
b'Pseudochr4A',16320000-18360000,0.000000000000005569802823518892
b'Pseudochr5',0-2048000,0.0000000000000006679285496591064
b'Pseudochr5',2048000-4096000,0.0000000000000013699295301311707
b'Pseudochr5',4096000-6144000,0.000000000000001609073805872729
b'Pseudochr5',6144000-8192000,0.0000000000000024560359375865123
b'Pseudochr5',8192000-10240000,0.0000000000000031055898971998795
b'Pseudochr5',10240000-12288000,0.0000000000000034200860597612692
b'Pseudochr5',12288000-14336000,0.0000000000000036580283397875506
b'Pseudochr5',14336000-16384000,0.000000000000003855367045773214
b'Pseudochr5',16384000-18432000,0.000000000000004032372091351917
b'Pseudochr5',18432000-20480000,0.000000000000004218916516202685
b'Pseudochr5',20480000-22528000,0.000000000000004366941607941124
b'Pseudochr5',22528000-24576000,0.000000000000004505442887453193
b'Pseudochr5',24576000-26624000,0.000000000000004685252407723652
b'Pseudochr5',26624000-28672000,0.000000000000004827693539055418
b'Pseudochr5',28672000-30720000,0.00000000000000496180940211442
b'Pseudochr5',30720000-32768000,0.000000000000005090091798332033
b'Pseudochr5',32768000-34816000,0.0000000000000052276392296830586
b'Pseudochr5',34816000-36864000,0.000000000000005367562690443563
b'Pseudochr5',36864000-38912000,0.000000000000005498585163411062
b'Pseudochr5',38912000-40960000,0.000000000000005662230774597052
b'Pseudochr5',40960000-43008000,0.0000000000000058088521505217535
b'Pseudochr5',43008000-45056000,0.000000000000005945875008623729
b'Pseudochr5',45056000-47104000,0.0000000000000060908326258554226
b'Pseudochr5',47104000-49152000,0.000000000000006221330430067517
b'Pseudochr5',49152000-51200000,0.0000000000000063723835234042036
b'Pseudochr5',51200000-53248000,0.000000000000006547357120297753
b'Pseudochr5',53248000-55296000,0.000000000000006880087502711542
b'Pseudochr5',55296000-57344000,0.000000000000007228981515898302
b'Pseudochr5',57344000-59392000,0.00000000000000796050290694174
b'Pseudochr5',59392000-61440000,0.000000000000008874021764654998
b'Pseudochr5',61440000-63488000,0.000000000000009741521964707665
b'Pseudochr6',0-2040000,0.0000000000000009515774652072833
b'Pseudochr6',2040000-4080000,0.000000000000001728173068294929
b'Pseudochr6',4080000-6120000,0.0000000000000022431158590909025
b'Pseudochr6',6120000-8160000,0.00000000000000271206197265665
b'Pseudochr6',8160000-10200000,0.0000000000000029979567091770446
b'Pseudochr6',10200000-12240000,0.0000000000000032163839610248053
b'Pseudochr6',12240000-14280000,0.000000000000003390428422421802
b'Pseudochr6',14280000-16320000,0.000000000000003560903817540079
b'Pseudochr6',16320000-18360000,0.0000000000000037371475936485196
b'Pseudochr6',18360000-20400000,0.000000000000003937492677883085
b'Pseudochr6',20400000-22440000,0.000000000000004133313277056212
b'Pseudochr6',22440000-24480000,0.0000000000000043988714877865164
b'Pseudochr6',24480000-26520000,0.000000000000004792318540153835
b'Pseudochr6',26520000-28560000,0.000000000000005302426822319711
b'Pseudochr6',28560000-30600000,0.0000000000000059414247934024385
b'Pseudochr6',30600000-32640000,0.0000000000000068875346332583924
b'Pseudochr6',32640000-34680000,0.000000000000007824715232755262
b'Pseudochr7',0-2048000,0.0000000000000008819141661467303
b'Pseudochr7',2048000-4096000,0.000000000000001352011117085997
b'Pseudochr7',4096000-6144000,0.0000000000000016159454009838886
b'Pseudochr7',6144000-8192000,0.0000000000000017821530389027862
b'Pseudochr7',8192000-10240000,0.0000000000000019410466566851316
b'Pseudochr7',10240000-12288000,0.0000000000000020978949927330498
b'Pseudochr7',12288000-14336000,0.0000000000000022829352106018986
b'Pseudochr7',14336000-16384000,0.0000000000000024799450469043908
b'Pseudochr7',16384000-18432000,0.00000000000000274824441249629
b'Pseudochr7',18432000-20480000,0.000000000000003108792840040033
b'Pseudochr7',20480000-22528000,0.0000000000000036753581062700394
b'Pseudochr7',22528000-24576000,0.000000000000004415540779153152
b'Pseudochr7',24576000-26624000,0.000000000000005149070574354646
b'Pseudochr7',26624000-28672000,0.000000000000005624409650610275
b'Pseudochr7',28672000-30720000,0.000000000000006236675509894336
b'Pseudochr7',30720000-32768000,0.000000000000006805247092736646
b'Pseudochr7',32768000-34816000,0.000000000000007527550022704302
b'Pseudochr7',34816000-36864000,0.000000000000008396574755258033
b'Pseudochr8',0-2046000,0.0000000000000009120436201218753
b'Pseudochr8',2046000-4092000,0.000000000000001815167306825438
b'Pseudochr8',4092000-6138000,0.000000000000002702387072385491
b'Pseudochr8',6138000-8184000,0.0000000000000032374438171100263
b'Pseudochr8',8184000-10230000,0.000000000000003596026367151282
b'Pseudochr8',10230000-12276000,0.0000000000000038150891649582065
b'Pseudochr8',12276000-14322000,0.0000000000000039668457643511305
b'Pseudochr8',14322000-16368000,0.000000000000004149733843848167
b'Pseudochr8',16368000-18414000,0.000000000000004334603050002661
b'Pseudochr8',18414000-20460000,0.000000000000004526470099331098
b'Pseudochr8',20460000-22506000,0.000000000000004799561268350842
b'Pseudochr8',22506000-24552000,0.00000000000000521888944993428
b'Pseudochr8',24552000-26598000,0.0000000000000060898429648587496
b'Pseudochr8',26598000-28644000,0.000000000000006891849980185615
b'Pseudochr8',28644000-30690000,0.000000000000007855965973142668
b'Pseudochr9',0-2030000,0.00000000000000021048965160673832
b'Pseudochr9',2030000-4060000,0.0000000000000007965033120533998
b'Pseudochr9',4060000-6090000,0.0000000000000016157347111180757
b'Pseudochr9',6090000-8120000,0.000000000000002292275459522458
b'Pseudochr9',8120000-10150000,0.000000000000002456978840477464
b'Pseudochr9',10150000-12180000,0.0000000000000026158010360636253
b'Pseudochr9',12180000-14210000,0.0000000000000027748521693979533
b'Pseudochr9',14210000-16240000,0.000000000000003000352727632028
b'Pseudochr9',16240000-18270000,0.0000000000000032905718431755326
b'Pseudochr9',18270000-20300000,0.000000000000003719426177372825
b'Pseudochr9',20300000-22330000,0.000000000000004617940698532214
b'Pseudochr9',22330000-24360000,0.0000000000000055876485601756614
